Workbook

Sheet Dashboard
A1: SWIGGY/ZOMATO-STYLE ORDERS — MINI DASHBOARD
A3: Cleaned dataset · June 2024 · Filter by city using the Slicer (add in Excel — see note)
A6: TOTAL ORDERS | E6: AVG DELIVERY TIME (MIN) | I6: TOTAL DELIVERY CHARGES | M6: CITIES COVERED
A8: =COUNTA(Orders_Cleaned!A2:A91) -> 90 | E8: =AVERAGE(Orders_Cleaned!F2:F91) -> 34.244444 | I8: =SUM(Orders_Cleaned!E2:E91) -> 4437.09 | M8: =COUNTA(CitySummary!A2:A6) -> 5
A12: TOP 3 RESTAURANTS BY ORDER COUNT
A14: Rank | B14: Restaurant | C14: Orders
A15: 1 | B15: =INDEX(RestaurantDetails!$B$2:$B$11,MATCH(LARGE(RestaurantDetails!$D$2:$D$11,1),RestaurantDetails!$D$2:$D$11,0)) -> Domino's Pizza | C15: =LARGE(RestaurantDetails!$D$2:$D$11,1) -> 13
A16: 2 | B16: =INDEX(RestaurantDetails!$B$2:$B$11,MATCH(LARGE(RestaurantDetails!$D$2:$D$11,2),RestaurantDetails!$D$2:$D$11,0)) -> Behrouz Biryani | C16: =LARGE(RestaurantDetails!$D$2:$D$11,2) -> 11
A17: 3 | B17: =INDEX(RestaurantDetails!$B$2:$B$11,MATCH(LARGE(RestaurantDetails!$D$2:$D$11,3),RestaurantDetails!$D$2:$D$11,0)) -> Haldiram's | C17: =LARGE(RestaurantDetails!$D$2:$D$11,3) -> 10
A19: NOTE: A live Slicer must be added inside Excel itself (Insert > Slicer, after building a PivotTable/PivotChart from Orders_Cleaned) — it can't be pre-generated in a script. See the markdown guide, Task 5, for the exact steps to wire one City slicer to every visual on this sheet.

Sheet RawOrders
A1: Order ID | B1: Restaurant ID | C1: Delivery Date | D1: Delivery Partner | E1: Delivery Charges (₹) | F1: Delivery Time (mins)
A2: 4020 | B2: R108 | C2: 09/06/2024 | E2: 56.62 | F2: 36
A3: 4063 | B3: R102 | C3: 24/06/2024 | D3: Sunil Yadav | E3: 34.54 | F3: 42
A4: 4045 | B4: R105 | C4: 29/06/2024 | D4: Rekha Singh | E4: 38.06 | F4: 30
A5: 4034 | B5: R108 | C5: 30-Jun-2024 | E5: 38.71 | F5: 20
A6: 4050 | B6: R102 | C6: 2024-06-09 | D6: Amit Kumar | E6: 47.04 | F6: 35
A7: 4047 | B7: R104 | C7: 11.06.2024 | E7: 35.04 | F7: 45
A8: 4044 | B8: R104 | C8: 23/06/2024 | D8: Farhan Khan | E8: 66.8 | F8: 49
A9: 4086 | B9: R102 | C9: 2024-06-05 | D9: Sunil Yadav | E9: 63.59 | F9: 34
A10: 4035 | B10: R101 | C10: 20/06/2024 | D10: Farhan Khan | E10: 24.04 | F10: 37
A11: 4088 | B11: R103 | C11: 07.06.2024 | E11: 61.11 | F11: 19
A12: 4029 | B12: R103 | C12: 08.06.2024 | D12: Deepa Nair | E12: 59.21 | F12: 22
A13: 4005 | B13: R110 | C13: 01/06/2024 | D13: Amit Kumar | E13: 22.14 | F13: 33
A14: 4076 | B14: R105 | C14: 08.06.2024 | D14: Farhan Khan | E14: 27.62 | F14: 45
A15: 4005 | B15: R110 | C15: 01/06/2024 | D15: Amit Kumar | E15: 22.14 | F15: 33
A16: 4052 | B16: R106 | C16: 23.06.2024 | D16: Rekha Singh | E16: 24.48 | F16: 20
A17: 4067 | B17: R102 | C17: 14/06/2024 | D17: Sunil Yadav | E17: 51.99 | F17: 26
A18: 4012 | B18: R104 | C18: 30/06/2024 | D18: Farhan Khan | E18: 42.53 | F18: 43
A19: 4052 | B19: R106 | C19: 23.06.2024 | D19: Rekha Singh | E19: 24.48 | F19: 20
A20: 4004 | B20: R110 | C20: 13.06.2024 | E20: 64.33 | F20: 28
A21: 4016 | B21: R103 | C21: 2024-06-22 | D21: Farhan Khan | E21: 50.53 | F21: 26
A22: 4078 | B22: R105 | C22: 05/06/2024 | D22: Amit Kumar | E22: 31.65 | F22: 32
A23: 4036 | B23: R106 | C23: 05/06/2024 | D23: Amit Kumar | E23: 47.19 | F23: 41
A24: 4003 | B24: R102 | C24: 15-Jun-2024 | D24: Sunil Yadav | E24: 25.44 | F24: 20
A25: 4028 | B25: R107 | C25: 27.06.2024 | D25: Rekha Singh | E25: 51.2 | F25: 22
A26: 4032 | B26: R106 | C26: 2024-06-17 | D26: Amit Kumar | E26: 41.73 | F26: 46
A27: 4054 | B27: R106 | C27: 10/06/2024 | E27: 28.15 | F27: 47
A28: 4043 | B28: R109 | C28: 01-Jun-2024 | D28: Deepa Nair | E28: 25.26 | F28: 19
A29: 4049 | B29: R104 | C29: 2024-06-05 | D29: Farhan Khan | E29: 41.04 | F29: 20
A30: 4031 | B30: R107 | C30: 2024-06-15 | D30: Amit Kumar | E30: 22.8 | F30: 36
A31: 4014 | B31: R102 | C31: 10-Jun-2024 | D31: Amit Kumar | E31: 77.84 | F31: 25
A32: 4090 | B32: R109 | C32: 21-Jun-2024 | D32: Deepa Nair | E32: 79.92 | F32: 30
A33: 4059 | B33: R103 | C33: 08-Jun-2024 | E33: 40.74 | F33: 51
A34: 4040 | B34: R107 | C34: 19/06/2024 | D34: Deepa Nair | E34: 24.33 | F34: 23
A35: 4009 | B35: R105 | C35: 2024-06-11 | D35: Deepa Nair | E35: 37.34 | F35: 22
A36: 4074 | B36: R107 | C36: 18/06/2024 | D36: Farhan Khan | E36: 25.59 | F36: 28
A37: 4031 | B37: R107 | C37: 2024-06-15 | D37: Amit Kumar | E37: 22.8 | F37: 36
A38: 4081 | B38: R109 | C38: 20-Jun-2024 | E38: 31.86 | F38: 51
A39: 4080 | B39: R110 | C39: 16/06/2024 | D39: Farhan Khan | E39: 63.85 | F39: 25
A40: 4017 | B40: R107 | C40: 21.06.2024 | D40: Amit Kumar | E40: 43.69 | F40: 31
A41: 4022 | B41: R101 | C41: 20-Jun-2024 | D41: Rekha Singh | E41: 57.33 | F41: 26
A42: 4038 | B42: R106 | C42: 03.06.2024 | D42: Amit Kumar | E42: 72.27 | F42: 44
A43: 4053 | B43: R105 | C43: 28/06/2024 | E43: 62.52 | F43: 54
A44: 4057 | B44: R102 | C44: 2024-06-22 | D44: Sunil Yadav | E44: 69.43 | F44: 34
A45: 4070 | B45: R109 | C45: 17-Jun-2024 | D45: Rekha Singh | E45: 60.28 | F45: 31
A46: 4084 | B46: R109 | C46: 2024-06-07 | D46: Sunil Yadav | E46: 74.89 | F46: 40
A47: 4058 | B47: R103 | C47: 23/06/2024 | E47: 48.33 | F47: 20
A48: 4041 | B48: R102 | C48: 09.06.2024 | E48: 39.81 | F48: 55
A49: 4003 | B49: R102 | C49: 15-Jun-2024 | D49: Sunil Yadav | E49: 25.44 | F49: 20
A50: 4072 | B50: R108 | C50: 07.06.2024 | D50: Deepa Nair | E50: 26.86 | F50: 18
A51: 4085 | B51: R103 | C51: 11-Jun-2024 | D51: Sunil Yadav | E51: 33.09 | F51: 30
A52: 4001 | B52: R108 | C52: 28.06.2024 | D52: Farhan Khan | E52: 50.47 | F52: 55
A53: 4082 | B53: R107 | C53: 01.06.2024 | E53: 44.8 | F53: 51
A54: 4033 | B54: R106 | C54: 2024-06-22 | D54: Deepa Nair | E54: 22.1 | F54: 19
A55: 4007 | B55: R109 | C55: 08-Jun-2024 | D55: Farhan Khan | E55: 20.28 | F55: 23
A56: 4011 | B56: R107 | C56: 03/06/2024 | E56: 61.09 | F56: 31
A57: 4039 | B57: R101 | C57: 28.06.2024 | D57: Deepa Nair | E57: 20.87 | F57: 42
A58: 4077 | B58: R108 | C58: 17-Jun-2024 | D58: Amit Kumar | E58: 31.49 | F58: 19
A59: 4065 | B59: R106 | C59: 17/06/2024 | D59: Amit Kumar | E59: 46.45 | F59: 53
A60: 4061 | B60: R102 | C60: 14.06.2024 | D60: Sunil Yadav | E60: 47.03 | F60: 30
A61: 4068 | B61: R108 | C61: 05.06.2024 | D61: Farhan Khan | E61: 54.74 | F61: 23
A62: 4064 | B62: R102 | C62: 10-Jun-2024 | D62: Rekha Singh | E62: 74.6 | F62: 19
A63: 4030 | B63: R105 | C63: 2024-06-07 | E63: 20.99 | F63: 35
A64: 4069 | B64: R104 | C64: 15-Jun-2024 | E64: 63.73 | F64: 28
A65: 4089 | B65: R102 | C65: 07-Jun-2024 | E65: 78.1 | F65: 25
A66: 4026 | B66: R110 | C66: 03.06.2024 | D66: Amit Kumar | E66: 26.23 | F66: 20
A67: 4006 | B67: R110 | C67: 01.06.2024 | D67: Rekha Singh | E67: 46.43 | F67: 30
A68: 4002 | B68: R104 | C68: 06.06.2024 | E68: 56.84 | F68: 29
A69: 4048 | B69: R104 | C69: 2024-06-29 | D69: Farhan Khan | E69: 33.17 | F69: 38
A70: 4087 | B70: R107 | C70: 04.06.2024 | E70: 76.47 | F70: 52
A71: 4056 | B71: R102 | C71: 15/06/2024 | E71: 52.12 | F71: 41
A72: 4046 | B72: R109 | C72: 06-Jun-2024 | E72: 75.82 | F72: 49
A73: 4007 | B73: R109 | C73: 08-Jun-2024 | D73: Farhan Khan | E73: 20.28 | F73: 23
A74: 4055 | B74: R104 | C74: 01-Jun-2024 | D74: Sunil Yadav | E74: 66.76 | F74: 21
A75: 4002 | B75: R104 | C75: 06.06.2024 | E75: 56.84 | F75: 29
A76: 4051 | B76: R104 | C76: 27.06.2024 | D76: Farhan Khan | E76: 57.54 | F76: 49
A77: 4042 | B77: R108 | C77: 15.06.2024 | E77: 52.48 | F77: 51
A78: 4083 | B78: R110 | C78: 2024-06-06 | E78: 57.88 | F78: 31
A79: 4010 | B79: R110 | C79: 25/06/2024 | D79: Farhan Khan | E79: 26.47 | F79: 36
A80: 4060 | B80: R109 | C80: 2024-06-20 | D80: Farhan Khan | E80: 70.93 | F80: 32
A81: 4018 | B81: R101 | C81: 09-Jun-2024 | D81: Amit Kumar | E81: 32.64 | F81: 43
A82: 4008 | B82: R108 | C82: 21-Jun-2024 | D82: Farhan Khan | E82: 79.86 | F82: 23
A83: 4075 | B83: R102 | C83: 30.06.2024 | D83: Farhan Khan | E83: 75.25 | F83: 43
A84: 4013 | B84: R107 | C84: 2024-06-03 | E84: 60.49 | F84: 39
A85: 4037 | B85: R101 | C85: 2024-06-29 | E85: 77.8 | F85: 39
A86: 4021 | B86: R107 | C86: 03/06/2024 | D86: Amit Kumar | E86: 32.52 | F86: 33
A87: 4023 | B87: R110 | C87: 2024-06-16 | E87: 43.17 | F87: 27
A88: 4027 | B88: R109 | C88: 2024-06-09 | E88: 62.27 | F88: 34
A89: 4015 | B89: R103 | C89: 08/06/2024 | D89: Amit Kumar | E89: 23.59 | F89: 49
A90: 4024 | B90: R105 | C90: 2024-06-30 | E90: 56.63 | F90: 30
A91: 4025 | B91: R103 | C91: 2024-06-24 | E91: 77.01 | F91: 48
A92: 4019 | B92: R110 | C92: 21/06/2024 | D92: Amit Kumar | E92: 79.36 | F92: 31
A93: 4062 | B93: R101 | C93: 13-Jun-2024 | D93: Farhan Khan | E93: 39.59 | F93: 31
A94: 4073 | B94: R110 | C94: 13/06/2024 | D94: Deepa Nair | E94: 78.16 | F94: 51
A95: 4066 | B95: R107 | C95: 25-Jun-2024 | D95: Farhan Khan | E95: 75.19 | F95: 31
A96: 4079 | B96: R101 | C96: 22-Jun-2024 | D96: Rekha Singh | E96: 63.42 | F96: 33
A97: 4071 | B97: R105 | C97: 2024-06-28 | D97: Deepa Nair | E97: 51.45 | F97: 54

Sheet RestaurantDetails
A1: Restaurant ID | B1: Restaurant Name | C1: City | D1: Order Count
A2: R101 | B2: Burger King | C2: Ahmedabad | D2: =COUNTIF(Orders_Cleaned!$B$2:$B$91,A2) -> 7
A3: R102 | B3: Domino's Pizza | C3: Mumbai | D3: =COUNTIF(Orders_Cleaned!$B$2:$B$91,A3) -> 13
A4: R103 | B4: McDonald's | C4: Delhi | D4: =COUNTIF(Orders_Cleaned!$B$2:$B$91,A4) -> 8
A5: R104 | B5: KFC | C5: Bangalore | D5: =COUNTIF(Orders_Cleaned!$B$2:$B$91,A5) -> 9
A6: R105 | B6: Pizza Hut | C6: Pune | D6: =COUNTIF(Orders_Cleaned!$B$2:$B$91,A6) -> 8
A7: R106 | B7: Subway | C7: Ahmedabad | D7: =COUNTIF(Orders_Cleaned!$B$2:$B$91,A7) -> 7
A8: R107 | B8: Behrouz Biryani | C8: Mumbai | D8: =COUNTIF(Orders_Cleaned!$B$2:$B$91,A8) -> 11
A9: R108 | B9: Wow! Momo | C9: Delhi | D9: =COUNTIF(Orders_Cleaned!$B$2:$B$91,A9) -> 8
A10: R109 | B10: Barbeque Nation | C10: Bangalore | D10: =COUNTIF(Orders_Cleaned!$B$2:$B$91,A10) -> 9
A11: R110 | B11: Haldiram's | C11: Pune | D11: =COUNTIF(Orders_Cleaned!$B$2:$B$91,A11) -> 10

Sheet Orders_Cleaned
A1: Order ID | B1: Restaurant ID | C1: Delivery Date | D1: Delivery Partner | E1: Delivery Charges (₹) | F1: Delivery Time (mins) | G1: Restaurant Name | H1: City | I1: Day of Week
A2: 4001 | B2: R108 | C2: 45471 | D2: Farhan Khan | E2: 50.47 | F2: 55 | G2: =VLOOKUP(B2,RestaurantDetails!$A$2:$C$11,2,FALSE()) -> Wow! Momo | H2: =VLOOKUP(B2,RestaurantDetails!$A$2:$C$11,3,FALSE()) -> Delhi | I2: =TEXT(C2,"dddd") -> Friday
A3: 4002 | B3: R104 | C3: 45449 | D3: Unassigned | E3: 56.84 | F3: 29 | G3: =VLOOKUP(B3,RestaurantDetails!$A$2:$C$11,2,FALSE()) -> KFC | H3: =VLOOKUP(B3,RestaurantDetails!$A$2:$C$11,3,FALSE()) -> Bangalore | I3: =TEXT(C3,"dddd") -> Thursday
A4: 4003 | B4: R102 | C4: 45458 | D4: Sunil Yadav | E4: 25.44 | F4: 20 | G4: =VLOOKUP(B4,RestaurantDetails!$A$2:$C$11,2,FALSE()) -> Domino's Pizza | H4: =VLOOKUP(B4,RestaurantDetails!$A$2:$C$11,3,FALSE()) -> Mumbai | I4: =TEXT(C4,"dddd") -> Saturday
A5: 4004 | B5: R110 | C5: 45456 | D5: Unassigned | E5: 64.33 | F5: 28 | G5: =VLOOKUP(B5,RestaurantDetails!$A$2:$C$11,2,FALSE()) -> Haldiram's | H5: =VLOOKUP(B5,RestaurantDetails!$A$2:$C$11,3,FALSE()) -> Pune | I5: =TEXT(C5,"dddd") -> Thursday
A6: 4005 | B6: R110 | C6: 45444 | D6: Amit Kumar | E6: 22.14 | F6: 33 | G6: =VLOOKUP(B6,RestaurantDetails!$A$2:$C$11,2,FALSE()) -> Haldiram's | H6: =VLOOKUP(B6,RestaurantDetails!$A$2:$C$11,3,FALSE()) -> Pune | I6: =TEXT(C6,"dddd") -> Saturday
A7: 4006 | B7: R110 | C7: 45444 | D7: Rekha Singh | E7: 46.43 | F7: 30 | G7: =VLOOKUP(B7,RestaurantDetails!$A$2:$C$11,2,FALSE()) -> Haldiram's | H7: =VLOOKUP(B7,RestaurantDetails!$A$2:$C$11,3,FALSE()) -> Pune | I7: =TEXT(C7,"dddd") -> Saturday
A8: 4007 | B8: R109 | C8: 45451 | D8: Farhan Khan | E8: 20.28 | F8: 23 | G8: =VLOOKUP(B8,RestaurantDetails!$A$2:$C$11,2,FALSE()) -> Barbeque Nation | H8: =VLOOKUP(B8,RestaurantDetails!$A$2:$C$11,3,FALSE()) -> Bangalore | I8: =TEXT(C8,"dddd") -> Saturday
A9: 4008 | B9: R108 | C9: 45464 | D9: Farhan Khan | E9: 79.86 | F9: 23 | G9: =VLOOKUP(B9,RestaurantDetails!$A$2:$C$11,2,FALSE()) -> Wow! Momo | H9: =VLOOKUP(B9,RestaurantDetails!$A$2:$C$11,3,FALSE()) -> Delhi | I9: =TEXT(C9,"dddd") -> Friday
A10: 4009 | B10: R105 | C10: 45454 | D10: Deepa Nair | E10: 37.34 | F10: 22 | G10: =VLOOKUP(B10,RestaurantDetails!$A$2:$C$11,2,FALSE()) -> Pizza Hut | H10: =VLOOKUP(B10,RestaurantDetails!$A$2:$C$11,3,FALSE()) -> Pune | I10: =TEXT(C10,"dddd") -> Tuesday
A11: 4010 | B11: R110 | C11: 45468 | D11: Farhan Khan | E11: 26.47 | F11: 36 | G11: =VLOOKUP(B11,RestaurantDetails!$A$2:$C$11,2,FALSE()) -> Haldiram's | H11: =VLOOKUP(B11,RestaurantDetails!$A$2:$C$11,3,FALSE()) -> Pune | I11: =TEXT(C11,"dddd") -> Tuesday
A12: 4011 | B12: R107 | C12: 45446 | D12: Unassigned | E12: 61.09 | F12: 31 | G12: =VLOOKUP(B12,RestaurantDetails!$A$2:$C$11,2,FALSE()) -> Behrouz Biryani | H12: =VLOOKUP(B12,RestaurantDetails!$A$2:$C$11,3,FALSE()) -> Mumbai | I12: =TEXT(C12,"dddd") -> Monday
A13: 4012 | B13: R104 | C13: 45473 | D13: Farhan Khan | E13: 42.53 | F13: 43 | G13: =VLOOKUP(B13,RestaurantDetails!$A$2:$C$11,2,FALSE()) -> KFC | H13: =VLOOKUP(B13,RestaurantDetails!$A$2:$C$11,3,FALSE()) -> Bangalore | I13: =TEXT(C13,"dddd") -> Sunday
... A91: 4090 | B91: R109 | C91: 45464 | D91: Deepa Nair | E91: 79.92 | F91: 30 | G91: =VLOOKUP(B91,RestaurantDetails!$A$2:$C$11,2,FALSE()) -> Barbeque Nation | H91: =VLOOKUP(B91,RestaurantDetails!$A$2:$C$11,3,FALSE()) -> Bangalore | I91: =TEXT(C91,"dddd") -> Friday

Sheet CitySummary
A1: City | B1: Total Orders | C1: Total Delivery Charges (₹)
A2: Ahmedabad | B2: =COUNTIF(Orders_Cleaned!$H$2:$H$91,A2) -> 14 | C2: =SUMIF(Orders_Cleaned!$H$2:$H$91,A2,Orders_Cleaned!$E$2:$E$91) -> 598.06
A3: Mumbai | B3: =COUNTIF(Orders_Cleaned!$H$2:$H$91,A3) -> 24 | C3: =SUMIF(Orders_Cleaned!$H$2:$H$91,A3,Orders_Cleaned!$E$2:$E$91) -> 1254.95
A4: Delhi | B4: =COUNTIF(Orders_Cleaned!$H$2:$H$91,A4) -> 16 | C4: =SUMIF(Orders_Cleaned!$H$2:$H$91,A4,Orders_Cleaned!$E$2:$E$91) -> 784.84
A5: Bangalore | B5: =COUNTIF(Orders_Cleaned!$H$2:$H$91,A5) -> 18 | C5: =SUMIF(Orders_Cleaned!$H$2:$H$91,A5,Orders_Cleaned!$E$2:$E$91) -> 964.96
A6: Pune | B6: =COUNTIF(Orders_Cleaned!$H$2:$H$91,A6) -> 18 | C6: =SUMIF(Orders_Cleaned!$H$2:$H$91,A6,Orders_Cleaned!$E$2:$E$91) -> 834.28
