Workbook

Sheet Dashboard
A1: 🍽️ ZOMATO-STYLE FOOD DELIVERY ANALYTICS DASHBOARD
A3: Jan – Jun · Order Volume, Cuisine Mix & Revenue Trends
A5: KPIs
A6: MIN ORDER VALUE | E6: MAX ORDER VALUE | I6: AVERAGE ORDER VALUE | M6: TOTAL ORDERS
A8: =MIN(OrdersData!C2:C113) -> 183.59 | E8: =MAX(OrdersData!C2:C113) -> 934.51 | I8: =AVERAGE(OrdersData!C2:C113) -> 587.3533 | M8: =COUNTA(OrdersData!A2:A113) -> 112
A11: TRENDS
A29: INSIGHTS
A30: • Indian cuisine drives the largest share of orders — prioritize it for promo placement.
A31: • Order volume dipped in months where 'Decrease' (red) bars appear — investigate churn or competitor promos in those months.
A32: • Average order value sits well above the minimum, suggesting upsell prompts (combo offers) could push more orders toward the max range.

Sheet OrdersData
A1: Order ID | B1: Cuisine | C1: Order Amount (₹) | D1: Month
A2: 8001 | B2: Chinese | C2: 280.43 | D2: Jan
A3: 8002 | B3: Mexican | C3: 545.02 | D3: Jan
A4: 8003 | B4: Chinese | C4: 646.31 | D4: Jan
A5: 8004 | B5: Mexican | C5: 541.31 | D5: Jan
A6: 8005 | B6: Chinese | C6: 327.64 | D6: Jan
A7: 8006 | B7: Italian | C7: 596.55 | D7: Jan
A8: 8007 | B8: Chinese | C8: 485.79 | D8: Jan
A9: 8008 | B9: Mexican | C9: 358.58 | D9: Jan
A10: 8009 | B10: Indian | C10: 892.89 | D10: Jan
A11: 8010 | B11: Indian | C11: 191.66 | D11: Jan
A12: 8011 | B12: Italian | C12: 302.74 | D12: Jan
A13: 8012 | B13: Continental | C13: 212.95 | D13: Jan
... A113: 8112 | B113: Indian | C113: 863.48 | D113: Jun

Sheet Summary
A1: Cuisine | B1: Total Orders (Count)
A2: Indian | B2: =COUNTIF(OrdersData!B2:B113,A2) -> 51
A3: Chinese | B3: =COUNTIF(OrdersData!B2:B113,A3) -> 19
A4: Italian | B4: =COUNTIF(OrdersData!B2:B113,A4) -> 14
A5: Mexican | B5: =COUNTIF(OrdersData!B2:B113,A5) -> 13
A6: Continental | B6: =COUNTIF(OrdersData!B2:B113,A6) -> 15
A8: Month | B8: Total Orders (Count) | C8: Change vs Prev Month | D8: Base (invisible) | E8: Increase | F8: Decrease
A9: Jan | B9: =COUNTIF(OrdersData!D2:D113,A9) -> 18 | C9: 0 | D9: 0 | E9: =B9 -> 18 | F9: 0
A10: Feb | B10: =COUNTIF(OrdersData!D2:D113,A10) -> 20 | C10: =B10-B9 -> 2 | D10: =IF(C10>=0,B9,B10) -> 18 | E10: =IF(C10>=0,C10,0) -> 2 | F10: =IF(C10<0,-C10,0) -> 0
A11: Mar | B11: =COUNTIF(OrdersData!D2:D113,A11) -> 15 | C11: =B11-B10 -> -5 | D11: =IF(C11>=0,B10,B11) -> 15 | E11: =IF(C11>=0,C11,0) -> 0 | F11: =IF(C11<0,-C11,0) -> 5
A12: Apr | B12: =COUNTIF(OrdersData!D2:D113,A12) -> 18 | C12: =B12-B11 -> 3 | D12: =IF(C12>=0,B11,B12) -> 15 | E12: =IF(C12>=0,C12,0) -> 3 | F12: =IF(C12<0,-C12,0) -> 0
A13: May | B13: =COUNTIF(OrdersData!D2:D113,A13) -> 23 | C13: =B13-B12 -> 5 | D13: =IF(C13>=0,B12,B13) -> 18 | E13: =IF(C13>=0,C13,0) -> 5 | F13: =IF(C13<0,-C13,0) -> 0
A14: Jun | B14: =COUNTIF(OrdersData!D2:D113,A14) -> 18 | C14: =B14-B13 -> -5 | D14: =IF(C14>=0,B13,B14) -> 18 | E14: =IF(C14>=0,C14,0) -> 0 | F14: =IF(C14<0,-C14,0) -> 5
